<?xml version="1.0" encoding="UTF-8"?>
<jcr:root xmlns:sling="http://sling.apache.org/jcr/sling/1.0" xmlns:cq="http://www.day.com/jcr/cq/1.0" xmlns:jcr="http://www.jcp.org/jcr/1.0" xmlns:nt="http://www.jcp.org/jcr/nt/1.0"
    jcr:primaryType="cq:Page">
    <jcr:content
        cq:contextHubPath="/etc/cloudsettings/default/contexthub"
        cq:contextHubSegmentsPath="/etc/segmentation/contexthub"
        cq:template="/conf/techiearchive-aem/settings/wcm/templates/content-page"
        jcr:primaryType="cq:PageContent"
        jcr:title="English"
        sling:resourceType="techiearchive-aem/components/structure/page"
        pageTitle="New Project"
        socialMedia="[facebook]">
        <root
            jcr:primaryType="nt:unstructured"
            sling:resourceType="wcm/foundation/components/responsivegrid">
            <responsivegrid
                jcr:lastModifiedBy="admin"
                jcr:primaryType="nt:unstructured"
                sling:resourceType="wcm/foundation/components/responsivegrid">
                <title
                    jcr:primaryType="nt:unstructured"
                    jcr:title="What is Lorem Ipsum?"
                    sling:resourceType="techiearchive-aem/components/content/title"/>
                <text
                    jcr:primaryType="nt:unstructured"
                    sling:resourceType="techiearchive-aem/components/content/text"
                    text="&lt;p>&lt;b>Lorem Ipsum&lt;/b>&amp;nbsp;is simply dummy text of the printing and typesetting industry. Lorem Ipsum has been the industry&amp;#39;s standard dummy text ever since the 1500s, when an unknown printer took a galley of type and scrambled it to make a type specimen book. It has survived not only five centuries, but also the leap into electronic typesetting, remaining essentially unchanged. It was popularised in the 1960s with the release of Letraset sheets containing Lorem Ipsum passages, and more recently with desktop publishing software like Aldus PageMaker including versions of Lorem Ipsum.&lt;br>&#xa;&lt;/p>&#xa;"
                    textIsRich="true"/>
                <image
                    jcr:primaryType="nt:unstructured"
                    sling:resourceType="techiearchive-aem/components/content/image"
                    fileReference="/content/dam/techiearchive-aem/asset.jpg"/>
                <list
                    jcr:lastModifiedBy="admin"
                    jcr:primaryType="nt:unstructured"
                    sling:resourceType="techiearchive-aem/components/content/list"
                    childDepth="1"
                    linkItems="true"
                    listFrom="static"
                    pages="[/content/techiearchive-aem/en,/content/techiearchive-aem/fr]"
                    showDescription="false"
                    showModificationDate="false"
                    sortOrder="asc"
                    tagsMatch="any"/>
                <helloworld
                    jcr:lastModifiedBy="admin"
                    jcr:primaryType="nt:unstructured"
                    sling:resourceType="techiearchive-aem/components/content/helloworld"/>
                <container
                    jcr:primaryType="nt:unstructured"
                    sling:resourceType="techiearchive-aem/components/form/container"
                    action="/content/usergenerated/techiearchive-aem/en/cq-gen1506071823762/"
                    actionType="foundation/components/form/actions/store">
                    <text
                        jcr:primaryType="nt:unstructured"
                        jcr:title="Lorem"
                        sling:resourceType="techiearchive-aem/components/form/text"
                        name="lorem"
                        rows="2"
                        type="text"/>
                    <options
                        jcr:primaryType="nt:unstructured"
                        jcr:title="Where does it come from?"
                        sling:resourceType="techiearchive-aem/components/form/options"
                        name="come-from"
                        source="local"
                        type="checkbox">
                        <items jcr:primaryType="nt:unstructured">
                            <item0
                                jcr:primaryType="nt:unstructured"
                                selected="false"
                                text="A"
                                value="a"/>
                            <item1
                                jcr:primaryType="nt:unstructured"
                                selected="false"
                                text="B"
                                value="b"/>
                        </items>
                    </options>
                    <button
                        jcr:primaryType="nt:unstructured"
                        sling:resourceType="techiearchive-aem/components/form/button"/>
                </container>
                <sharing
                    jcr:lastModifiedBy="admin"
                    jcr:primaryType="nt:unstructured"
                    sling:resourceType="techiearchive-aem/components/content/sharing"/>
            </responsivegrid>
        </root>
        <image/>
    </jcr:content>
    <demo-site/>
    <site-config-page/>
</jcr:root>
